<?xml version="1.0" encoding="UTF-8"?>
<project-private xmlns="http://www.netbeans.org/ns/project-private/1">
    <editor-bookmarks xmlns="http://www.netbeans.org/ns/editor-bookmarks/2" lastBookmarkId="1">
        <file>
            <url>event-details-2.php</url>
            <bookmark id="1">
                <name/>
                <line>8</line>
                <key/>
            </bookmark>
        </file>
    </editor-bookmarks>
    <open-files xmlns="http://www.netbeans.org/ns/projectui-open-files/2">
        <group>
            <file>file:/C:/xampp/htdocs/HLFinal/payment-2.php</file>
            <file>file:/C:/xampp/htdocs/HLFinal/login-form-2.php</file>
        </group>
    </open-files>
</project-private>
